feature,coefficient
alcohol,0.29424288266242504
volatile acidity,-0.19396667018958674
sulphates,0.15527650155577588
total sulfur dioxide,-0.10735582318807885
chlorides,-0.08818338561835665
pH,-0.06384247395222818
free sulfur dioxide,0.04560596354181087
fixed acidity,0.04349735143843026
citric acid,-0.03555254246476748
density,-0.03373717322451314
residual sugar,0.02301871426500409
